{
    "name": "Building",
    "label": "Buildings",
    "fleet": {
        "size": 96,
        "namePrefix": "Asset "
    },
    "generation": {
        "mode": "backToTheFuture",
        "backToTheFuture": {
            "nbDaysInPast": 1,
            "valuesPerDay": 10
            },
        "data": {
            "phone.custom.dn.1": {
                "generator": "randomFloat",
                "options": {
                    "min": -5,
                    "max": 35,
                    "fixed": 1
                }
            },
            "phone.custom.dn.2": {
                "generator": "randomBoolean",
                "options": {
                    "likelihood": 1
                }
            },
            "phone.custom.up.1": {
                "generator": "randomBoolean",
                "options": {
                    "likelihood": 1
                }
            },
            "_LONGITUDE": {
                "generator": "LongGenerator",
                "options": {
                }
            },
            "_LATITUDE": {
                "generator": "LatGenerator",
                "options": {
                }
            },
            "_RSSI": {
                "generator": "RSSIGenerator",
                "options": {
                }
            },
            "_ECIO": {
                "generator": "ECIOGenerator",
                "options": {
                }
            },
            "_BYTES_RECEIVED": {
                "generator": "BytesReceivedGenerator",
                "options": {
                }
            },
            "_BYTES_SENT": {
                "generator": "BytesSentGenerator",
                "options": {
                }
            },
            "_USAGES_BYTES_TOTAL": {
                "generator": "BytesSentGenerator",
                "options": {
                }
            },
            "_NETWORK_SERVICE_TYPE": {
                "generator": "ServiceTypeGenerator",
                "options": {
                }
            }
        }
    },
    "application": {
        "name": "SecurityApp",
        "type": "avphone.demo.security",
        "data": [{
            "id": "phone.custom.dn.1",
            "label": "Temperature",
            "elementType": "variable",
            "type": "double"
        }, {
            "id": "phone.custom.dn.2",
            "label": "Leakage",
            "elementType": "variable",
            "type": "boolean"
        }, {
            "id": "phone.custom.up.1",
            "label": "Intrusion",
            "elementType": "variable",
            "type": "boolean"
        },{
              "id": "phone.alarmSystem",
              "label": "Alarm System",
              "description":"The command description",
              "elementType": "command",
              "parameters": [
                 {
                    "id": "TurnON",
                    "defaultValue": true,
                    "defaultLabel": "TurnON",
                    "type": "boolean",
                    "optional": false
                  }]
            },
            {
              "id": "phone.heater",
              "label": "Heater",
              "description":"The command description",
              "elementType": "command",
              "parameters": [
                 {
                    "id": "TurnON",
                    "defaultValue": false,
                    "defaultLabel": "TurnON",
                    "type": "boolean",
                    "optional": false
                  }]
            },
            {
              "id": "phone.setHeaterTemperature",
              "label": "Set Heater Temperature",
              "description":"The command description",
              "elementType": "command",
              "parameters": [
                 {
                    "id": "temp",
                    "defaultValue": "20",
                    "defaultLabel": "Temperature",
                    "type": "int",
                    "optional": false
                  }]
            }]
    },
    "clean": false
}
