{
    "name": "Commodore",
    "label": "Commodore",
    "fleet": {
        "size": 50,
        "namePrefix": "Car ",
        "template": {
            "systemType": ["AR7552", "AR6220"],
            "applications": {
                "uid": ["524f332fc46c46b2b92a8cd60acc7156", "6bd26c89baad4deb963b2ac2cc220e1a"]
            },
            "subscription": {
                "operators": ["ATT", "Bouygues"]
            }
        }
    },
    "generation": {
        "mode": "backToTheFuture",
        "backToTheFuture": {
            "nbDaysInPast": 1,
            "valuesPerDay": 24
        },
        "data": {
            "car.speed": {
                "generator": "randomFloat",
                "options": {
                    "min": 0,
                    "max": 180,
                    "fixed": 1
                }
            },
            "car.air.temp": {
                "generator": "randomFloat",
                "options": {
                    "min": 0,
                    "max": 50,
                    "fixed": 1
                }
            },
            "car.engine.load": {
                "generator": "randomFloat",
                "options": {
                    "min": 0,
                    "max": 150,
                    "fixed": 1
                }
            },
            "car.engine.temp": {
                "generator": "randomFloat",
                "options": {
                    "min": 0,
                    "max": 100,
                    "fixed": 1
                }
            },
            "car.air.debit": {
                "generator": "randomFloat",
                "options": {
                    "min": 0,
                    "max": 180,
                    "fixed": 2
                }
            },
            "car.oil.temp": {
                "generator": "randomFloat",
                "options": {
                    "min": 0,
                    "max": 130,
                    "fixed": 1
                }
            },
            "car.oil.level": {
                "generator": "randomFloat",
                "options": {
                    "min": 0,
                    "max": 100,
                    "fixed": 1
                }
            },
            "car.battery.level": {
                "generator": "randomFloat",
                "options": {
                    "min": 0,
                    "max": 100,
                    "fixed": 1
                }
            },
            "_LONGITUDE": {
                "generator": "LongGenerator",
                "options": {}
            },
            "_LATITUDE": {
                "generator": "LatGenerator",
                "options": {}
            },
            "_RSSI": {
                "generator": "RSSIGenerator",
                "options": {}
            },
            "_ECIO": {
                "generator": "ECIOGenerator",
                "options": {}
            },
            "_BYTES_RECEIVED": {
                "generator": "BytesReceivedGenerator",
                "options": {}
            },
            "_BYTES_SENT": {
                "generator": "BytesSentGenerator",
                "options": {}
            },
            "_USAGES_BYTES_TOTAL": {
                "generator": "BytesSentGenerator",
                "options": {}
            },
            "_NETWORK_SERVICE_TYPE": {
                "generator": "ServiceTypeGenerator",
                "options": {}
            },
            "_OPERATOR": {
                "generator": "currentOperatorGenerator",
                "options": {}
            },
            "_IP_ADDRESS": {
                "generator": "ipAddressGenerator",
                "options": {}
            }
        }
    },
    "application": {
        "name": "Commodore Demo",
        "type": "commodore.car.app",
        "data": [{
            "id": "car.speed",
            "label": "Vitesse du vehicule",
            "elementType": "variable",
            "type": "int"
        }, {
            "id": "car.air.temp",
            "label": "Température d'admission de l'air",
            "elementType": "variable",
            "type": "int"
        }, {
            "id": "car.engine.load",
            "label": "Charge moteur",
            "elementType": "variable",
            "type": "int"
        }, {
            "id": "car.engine.temp",
            "label": "Température moteur",
            "elementType": "variable",
            "type": "int"
        }, {
            "id": "car.air.debit",
            "label": "Débit d'air (sonde MAF)",
            "elementType": "variable",
            "type": "double"
        }, {
            "id": "car.oil.temp",
            "label": "Température huile",
            "elementType": "variable",
            "type": "int"
        }, {
            "id": "car.oil.level",
            "label": "Niveau d'huile",
            "elementType": "variable",
            "type": "int"
        }, {
            "id": "car.battery.level",
            "label": "Niveau batterie",
            "elementType": "variable",
            "type": "int"
        }]
    },
    "clean": false
}