{
    "name": "Containers",
    "label": "Containers",
    "fleet": {
        "size": 60,
        "namePrefix": "Container "
    },
    "generation": {
        "mode": "backToTheFuture",
        "backToTheFuture": {
            "nbDaysInPast": 1,
            "valuesPerDay": 20
            },
        "data": {
            "container.alarmHumidity": {
                "generator": "randomBoolean",
                "options": {
                    "likelihood": 1
                }
            },
            "container.alarmLuminosity": {
                "generator": "randomBoolean",
                "options": {
                    "likelihood": 1
                }
            },
            "container.alarmOrientation": {
                "generator": "randomBoolean",
                "options": {
                    "likelihood": 1
                }
            },
            "container.alarmTemperature": {
                "generator": "randomBoolean",
                "options": {
                    "likelihood": 1
                }
            },
            "container.alarmShock": {
                "generator": "randomBoolean",
                "options": {
                    "likelihood": 1
                }
            },
            "container.compass": {
                "generator": "randomFloat",
                "options": {
                    "min": -180,
                    "max": 180,
                    "fixed": 1
                }
            },
            "container.shock": {
                "generator": "randomFloat",
                "options": {
                    "min": 0,
                    "max": 56,
                    "fixed": 1
                }
            },
            "container.accelerationX": {
                "generator": "randomFloat",
                "options": {
                    "min": -32,
                    "max": 32,
                    "fixed": 1
                }
            },
            "container.accelerationY": {
                "generator": "randomFloat",
                "options": {
                    "min": -32,
                    "max": 32,
                    "fixed": 1
                }
            },
            "container.accelerationZ": {
                "generator": "randomFloat",
                "options": {
                    "min": -32,
                    "max": 32,
                    "fixed": 1
                }
            },
            "container.humidity": {
                "generator": "randomFloat",
                "options": {
                    "min": 0,
                    "max": 100,
                    "fixed": 1
                }
            },
            "container.luminosity": {
                "generator": "randomFloat",
                "options": {
                    "min": 0,
                    "max": 100,
                    "fixed": 1
                }
            },
            "container.orientation": {
                "generator": "randomFloat",
                "options": {
                    "min": 1,
                    "max": 6,
                    "fixed": 1
                }
            },
            "container.temperature": {
                "generator": "randomFloat",
                "options": {
                    "min": -20,
                    "max": 20,
                    "fixed": 1
                }
            },
            "_LONGITUDE": {
                "generator": "LongGenerator",
                "options": {
                }
            },
            "_LATITUDE": {
                "generator": "LatGenerator",
                "options": {
                }
            },
            "_RSSI": {
                "generator": "RSSIGenerator",
                "options": {
                }
            },
            "_ECIO": {
                "generator": "ECIOGenerator",
                "options": {
                }
            },
            "_BYTES_RECEIVED": {
                "generator": "BytesReceivedGenerator",
                "options": {
                }
            },
            "_BYTES_SENT": {
                "generator": "BytesSentGenerator",
                "options": {
                }
            },
            "_USAGES_BYTES_TOTAL": {
                "generator": "BytesSentGenerator",
                "options": {
                }
            },
            "_NETWORK_SERVICE_TYPE": {
                "generator": "ServiceTypeGenerator",
                "options": {
                }
            },
            "_OPERATOR": {
                "generator": "currentOperatorGenerator",
                "options": {
                }
            }
        }
    },
    "application": {
        "name": "mangOH Container Demo",
        "type": "io.mangoh.demo.container.app",
        "data": [{
            "id": "container.alarmHumidity",
            "label": "Humidity Alarm",
            "elementType": "variable",
            "type": "boolean"
        }, {
            "id": "container.alarmLuminosity",
            "label": "Luminosity Alarm",
            "elementType": "variable",
            "type": "boolean"
        }, {
            "id": "container.alarmOrientation",
            "label": "Orientation Alarm",
            "elementType": "variable",
            "type": "boolean"
        },{
            "id": "container.alarmTemperature",
            "label": "Temperature Alarm",
            "elementType": "variable",
            "type": "boolean"
        },{
            "id": "container.alarmShock",
            "label": "Shock Alarm",
            "elementType": "variable",
            "type": "boolean"
        },{
            "id": "container.compass",
            "label": "Compass",
            "elementType": "variable",
            "type": "double"
        }, {
            "id": "container.shock",
            "label": "Shock",
            "elementType": "variable",
            "type": "double"
        }, {
            "id": "container.accelerationX",
            "label": "Acceleration X",
            "elementType": "variable",
            "type": "double"
        },{
            "id": "container.accelerationY",
            "label": "Acceleration Y",
            "elementType": "variable",
            "type": "double"
        },{
            "id": "container.accelerationZ",
            "label": "Acceleration Z",
            "elementType": "variable",
            "type": "double"
        },{
            "id": "container.humidity",
            "label": "Humidity",
            "elementType": "variable",
            "type": "double"
        }, {
            "id": "container.luminosity",
            "label": "Luminosity",
            "elementType": "variable",
            "type": "double"
        }, {
            "id": "container.orientation",
            "label": "Orientation",
            "elementType": "variable",
            "type": "int"
        },{
            "id": "container.temperature",
            "label": "Temperature",
            "elementType": "variable",
            "type": "double"
        },{
              "id": "container.doorLED",
              "label": "Command the door",
              "description":"The command description",
              "elementType": "command",
              "parameters": [
                 {
                    "id": "status",
                    "defaultValue": true,
                    "defaultLabel": "Status",
                    "type": "boolean",
                    "optional": false
                  }]
            }]
    },
    "clean": false
}
