{
    "name": "Meters",
    "label": "utility",
    "fleet": {
        "size": 90,
        "namePrefix": "Location"
    },
    "generation": {
        "mode": "backToTheFuture",
        "backToTheFuture": {
            "nbDaysInPast": 1,
            "valuesPerDay": 10
            },
        "data": {
            "home.temperature": {
                "generator": "randomFloat",
                "options": {
                    "min": -5,
                    "max": 35,
                    "fixed": 2
                }
            },
            "Meter-001.cumulatedPower": {
                "generator": "incremental",
                "options": {
                    "start": 1,
                    "step": 0.1
                }
            },
            "Meter-001.instantPower": {
                "generator": "randomFloat",
                "options": {
                    "min": 0,
                    "max": 1,
                    "fixed": 3
                }
            },
            "_RSSI": {
                "generator": "RSSIGenerator",
                "options": {
                }
            },
            "_SIGNAL_STRENGTH": {
            	"generator": "SignalStrengthGenerator",
            	"options": {
            	}
            },
            "_ECIO": {
                "generator": "ECIOGenerator",
                "options": {
                }
            },
            "_BYTES_RECEIVED": {
                "generator": "BytesReceivedGenerator",
                "options": {
                }
            },
            "_BYTES_SENT": {
                "generator": "BytesSentGenerator",
                "options": {
                }
            },
            "_USAGES_BYTES_TOTAL": {
                "generator": "BytesSentGenerator",
                "options": {
                }
            },
            "_NETWORK_SERVICE_TYPE": {
                "generator": "ServiceTypeGenerator",
                "options": {
                }
            }
        }
    },
    "application": {
        "name": "MeterReading",
        "data": [{
            "id": "home.temperature",
            "label": "Temperature",
            "elementType": "variable",
            "type": "double"
        }, {
            "id": "Meter-001.cumulatedPower",
            "label": "Accumulated Power",
            "elementType": "variable",
            "type": "double"
        }, {
            "id": "Meter-001.instantPower",
            "label": "Instant Power",
            "elementType": "variable",
            "type": "double"
        },{
              "id": "home.heater",
              "label": "Heater",
              "elementType": "command",
              "parameters": [
                 {
                    "id": "TurnON",
                    "defaultValue": false,
                    "defaultLabel": "TurnON",
                    "type": "boolean",
                    "optional": false
                  }]
            },
            {
              "id": "home.thermostat",
              "label": "Thermostat",
              "description":"",
              "elementType": "command",
              "parameters": [
                 {
                    "id": "temp",
                    "defaultValue": "20",
                    "defaultLabel": "Temperature",
                    "type": "int",
                    "optional": false
                  }]
            }]
    },
    "clean": false
}
