{
    "name": "Containers",
    "label": "Containers",
    "fleet": {
        "size": 60,
        "namePrefix": "Container "
    },
    "generation": {
        "mode": "dailyUsage",
        "dailyUsage": {
            },
    "data": {
            "bytesSent": {
                "generator": "randomFloat",
                "options": {
                    "min": 1000,
                    "max": 2000,
                    "fixed":0
                }
            },
            "bytesReceived": {
                "generator": "randomFloat",
                "options": {
                    "min": 500,
                    "max": 1000,
                    "fixed":0
                }
            }
          }
    },
    "application": {
        "name": "mangOH Container Demo",
        "type": "io.mangoh.demo.container.app",
        "data": [{
            "id": "container.alarmHumidity",
            "label": "Humidity Alarm",
            "elementType": "variable",
            "type": "boolean"
        }, {
            "id": "container.alarmLuminosity",
            "label": "Luminosity Alarm",
            "elementType": "variable",
            "type": "boolean"
        }, {
            "id": "container.alarmOrientation",
            "label": "Orientation Alarm",
            "elementType": "variable",
            "type": "boolean"
        },{
            "id": "container.alarmTemperature",
            "label": "Temperature Alarm",
            "elementType": "variable",
            "type": "boolean"
        },{
            "id": "container.alarmShock",
            "label": "Shock Alarm",
            "elementType": "variable",
            "type": "boolean"
        },{
            "id": "container.compass",
            "label": "Compass",
            "elementType": "variable",
            "type": "double"
        }, {
            "id": "container.shock",
            "label": "Shock",
            "elementType": "variable",
            "type": "double"
        }, {
            "id": "container.accelerationX",
            "label": "Acceleration X",
            "elementType": "variable",
            "type": "double"
        },{
            "id": "container.accelerationY",
            "label": "Acceleration Y",
            "elementType": "variable",
            "type": "double"
        },{
            "id": "container.accelerationZ",
            "label": "Acceleration Z",
            "elementType": "variable",
            "type": "double"
        },{
            "id": "container.humidity",
            "label": "Humidity",
            "elementType": "variable",
            "type": "double"
        }, {
            "id": "container.luminosity",
            "label": "Luminosity",
            "elementType": "variable",
            "type": "double"
        }, {
            "id": "container.orientation",
            "label": "Orientation",
            "elementType": "variable",
            "type": "int"
        },{
            "id": "container.temperature",
            "label": "Temperature",
            "elementType": "variable",
            "type": "double"
        },{
              "id": "container.doorLED",
              "label": "Command the door",
              "description":"The command description",
              "elementType": "command",
              "parameters": [
                 {
                    "id": "status",
                    "defaultValue": true,
                    "defaultLabel": "Status",
                    "type": "boolean",
                    "optional": false
                  }]
            }]
    },
    "clean": false
}
