{
    "name": "Agosto",
    "label": "Simulated",
    "fleet": {
        "size": 20,
        "namePrefix": "Agosto Vehicule "
    },
    "generation": {
        "mode": "dailyUsage",
        "dailyUsage": {
            },
    "data": {
            "bytesSent": {
                "generator": "randomFloat",
                "options": {
                    "min": 10000,
                    "max": 20000,
                    "fixed":0
                }
            },
            "bytesReceived": {
                "generator": "randomFloat",
                "options": {
                    "min": 1000,
                    "max": 2000,
                    "fixed":0
                }
            }
          }
    },
    "application": {
        "name": "MeterReading",
        "data": [{
            "id": "home.temperature",
            "label": "Temperature",
            "elementType": "variable",
            "type": "double"
        }, {
            "id": "Meter-001.cumulatedPower",
            "label": "Accumulated Power",
            "elementType": "variable",
            "type": "double"
        }, {
            "id": "Meter-001.instantPower",
            "label": "Instant Power",
            "elementType": "variable",
            "type": "double"
        },{
              "id": "home.heater",
              "label": "Heater",
              "elementType": "command",
              "parameters": [
                 {
                    "id": "TurnON",
                    "defaultValue": false,
                    "defaultLabel": "TurnON",
                    "type": "boolean",
                    "optional": false
                  }]
            },
            {
              "id": "home.thermostat",
              "label": "Thermostat",
              "description":"",
              "elementType": "command",
              "parameters": [
                 {
                    "id": "temp",
                    "defaultValue": "20",
                    "defaultLabel": "Temperature",
                    "type": "int",
                    "optional": false
                  }]
            }]
    },
    "clean": false
}
